{"data": [], "error": {"id": 91, "trainInfo": ["D368", "\u6210\u90fd\u4e1c", "\u6b66\u6c49", "760000D36806"], "start": ["ICW"], "stop": ["WHN"]}}
{"data": [], "error": {"id": 150, "trainInfo": ["D943", "\u73e0\u6d77", "\u4e0a\u6d77\u8679\u6865", "6e0000D94200"], "start": ["ZHQ"], "stop": ["AOH"]}}
{"data": [], "error": {"id": 634, "trainInfo": ["D2966", "\u5e7f\u5dde\u5357", "\u4e1c\u5b89\u4e1c", "6c000D296605"], "start": ["IZQ"], "stop": ["DCZ"]}}
{"data": [], "error": {"id": 739, "trainInfo": ["D3133", "\u9f99\u5ca9", "\u4e0a\u6d77\u8679\u6865", "5c000D31330F"], "start": ["LYS"], "stop": ["AOH"]}}
{"data": [], "error": {"id": 797, "trainInfo": ["D3257", "\u5357\u660c", "\u5b9c\u660c\u4e1c", "57000D325605"], "start": ["NCG"], "stop": ["HAN"]}}
{"data": [], "error": {"id": 1073, "trainInfo": ["D5177", "\u5e7f\u5b89\u5357", "\u6210\u90fd\u4e1c", "77000D517703"], "start": ["VUW"], "stop": ["ICW"]}}
{"data": [], "error": {"id": 1263, "trainInfo": ["D5700", "\u90d1\u5dde\u4e1c", "\u5b89\u9633\u4e1c", "38000D570001"], "start": ["ZAF"], "stop": ["ADF"]}}
{"data": [], "error": {"id": 1355, "trainInfo": ["D6034", "\u6d4e\u5357", "\u9f99\u53e3\u5e02", "47000D603100"], "start": ["JNK"], "stop": ["UKK"]}}
{"data": [], "error": {"id": 1357, "trainInfo": ["D6043", "\u9f99\u53e3\u5e02", "\u9752\u5c9b", "4k000D604301"], "start": ["UKK"], "stop": ["QDK"]}}
{"data": [], "error": {"id": 1462, "trainInfo": ["D6258", "\u5357\u660c", "\u666f\u5fb7\u9547\u5317", "57000D625800"], "start": ["NCG"], "stop": ["JDG"]}}
{"data": [], "error": {"id": 1491, "trainInfo": ["D6371", "\u4e5d\u6c5f", "\u5357\u660c\u897f", "57000D63710E"], "start": ["JJG"], "stop": ["NXG"]}}
{"data": [], "error": {"id": 1795, "trainInfo": ["D7320", "\u4e09\u4e9a", "\u6d77\u53e3\u4e1c", "6b000D732015"], "start": ["SEQ"], "stop": ["HMQ"]}}
{"data": [], "error": {"id": 1896, "trainInfo": ["D7483", "\u5e7f\u5dde\u5357", "\u6e5b\u6c5f\u897f", "6c000D748300"], "start": ["IZQ"], "stop": ["ZWQ"]}}
{"data": [], "error": {"id": 1934, "trainInfo": ["D7525", "\u5e7f\u5dde\u4e1c", "\u6f6e\u6c55", "65000D752504"], "start": ["GGQ"], "stop": ["CBQ"]}}
{"data": [], "error": {"id": 2496, "trainInfo": ["T5308", "\u6c88\u9633\u5317", "\u5927\u8fde", "12000T530805"], "start": ["SBT"], "stop": ["DLT"]}}
{"data": [], "error": {"id": 2523, "trainInfo": ["T6701", "\u6c49\u53e3", "\u8346\u95e8", "39000T670104"], "start": ["HKN"], "stop": ["JMN"]}}
{"data": [], "error": {"id": 2708, "trainInfo": ["G105", "\u5317\u4eac\u5357", "\u4e0a\u6d77\u8679\u6865", "240000G1050L"], "start": ["VNP"], "stop": ["AOH"]}}
{"data": [], "error": {"id": 2771, "trainInfo": ["G180", "\u9752\u5c9b", "\u5317\u4eac\u5357", "490000G18005"], "start": ["QDK"], "stop": ["VNP"]}}
{"data": [], "error": {"id": 2798, "trainInfo": ["G211", "\u5929\u6d25\u897f", "\u4e0a\u6d77\u8679\u6865", "250000G2110S"], "start": ["TXP"], "stop": ["AOH"]}}
{"data": [], "error": {"id": 2873, "trainInfo": ["G298", "\u4e0a\u6d77\u8679\u6865", "\u6d4e\u5357\u897f", "5l0000G29873"], "start": ["AOH"], "stop": ["JGK"]}}
{"data": [], "error": {"id": 2895, "trainInfo": ["G330", "\u798f\u5dde", "\u5929\u6d25\u897f", "580000G3300H"], "start": ["FZS"], "stop": ["TXP"]}}
{"data": [], "error": {"id": 2934, "trainInfo": ["G400", "\u957f\u6625", "\u5317\u4eac\u5357", "110000G40005"], "start": ["CCT"], "stop": ["VNP"]}}
{"data": [], "error": {"id": 2992, "trainInfo": ["G511", "\u5317\u4eac\u897f", "\u6c49\u53e3", "240000G5110J"], "start": ["BXP"], "stop": ["HKN"]}}
{"data": [], "error": {"id": 3005, "trainInfo": ["G530", "\u5357\u5b81\u4e1c", "\u5317\u4eac\u897f", "710000G5300D"], "start": ["NFZ"], "stop": ["BXP"]}}
{"data": [], "error": {"id": 3273, "trainInfo": ["G1022", "\u6df1\u5733\u5317", "\u6b66\u6c49", "6i000G102205"], "start": ["IOQ"], "stop": ["WHN"]}}
{"data": [], "error": {"id": 3568, "trainInfo": ["G1602", "\u6df1\u5733\u5317", "\u5408\u80a5\u5357", "6i000G160205"], "start": ["IOQ"], "stop": ["ENH"]}}
{"data": [], "error": {"id": 3572, "trainInfo": ["G1610", "\u5e7f\u5dde\u5357", "\u798f\u5dde", "6c000G160701"], "start": ["IZQ"], "stop": ["FZS"]}}
{"data": [], "error": {"id": 3647, "trainInfo": ["G1717", "\u4e0a\u6d77\u8679\u6865", "\u9a7b\u9a6c\u5e97\u897f", "5l000G171601"], "start": ["AOH"], "stop": ["ZLN"]}}
{"data": [], "error": {"id": 3651, "trainInfo": ["G1721", "\u4e0a\u6d77\u8679\u6865", "\u6b66\u6c49", "5l000G172001"], "start": ["AOH"], "stop": ["WHN"]}}
{"data": [], "error": {"id": 3942, "trainInfo": ["G2363", "\u5b81\u6ce2", "\u8d35\u9633\u5317", "5e000G236261"], "start": ["NGH"], "stop": ["KQW"]}}
{"data": [], "error": {"id": 3991, "trainInfo": ["G2912", "\u6df1\u5733\u5317", "\u5357\u5b81\u4e1c", "6i000G291205"], "start": ["IOQ"], "stop": ["NFZ"]}}
{"data": [], "error": {"id": 4161, "trainInfo": ["G5852", "\u9999\u6e2f\u897f\u4e5d\u9f99", "\u798f\u7530", "6x000G585200"], "start": ["XJA"], "stop": ["NZQ"]}}
{"data": [], "error": {"id": 4476, "trainInfo": ["G6751", "\u77f3\u5bb6\u5e84", "\u90af\u90f8\u4e1c", "26000G67510H"], "start": ["SJP"], "stop": ["HPP"]}}
{"data": [], "error": {"id": 4560, "trainInfo": ["G7081", "\u4e0a\u6d77", "\u5b89\u5e86", "55000G708000"], "start": ["SHH"], "stop": ["AQH"]}}
{"data": [], "error": {"id": 4574, "trainInfo": ["G7096", "\u4e0a\u6d77", "\u5357\u4eac", "55000G7096M0"], "start": ["SHH"], "stop": ["NJH"]}}
{"data": [], "error": {"id": 4677, "trainInfo": ["G7235", "\u5408\u80a5\u5357", "\u4e0a\u6d77", "5i000G723851"], "start": ["ENH"], "stop": ["SHH"]}}
{"data": [], "error": {"id": 4683, "trainInfo": ["G7241", "\u4e0a\u6d77", "\u516d\u5b89", "55000G724044"], "start": ["SHH"], "stop": ["UAH"]}}
{"data": [], "error": {"id": 4733, "trainInfo": ["G7297", "\u4e0a\u6d77", "\u6dee\u5317", "55000G729640"], "start": ["SHH"], "stop": ["HRH"]}}
{"data": [], "error": {"id": 4806, "trainInfo": ["G7379", "\u676d\u5dde\u4e1c", "\u4e3d\u6c34", "56000G737940"], "start": ["HGH"], "stop": ["USH"]}}
{"data": [], "error": {"id": 4850, "trainInfo": ["G7468", "\u82cd\u5357", "\u676d\u5dde\u4e1c", "5j000G746800"], "start": ["CEH"], "stop": ["HGH"]}}
{"data": [], "error": {"id": 5507, "trainInfo": ["C2308", "\u4e8e\u5bb6\u5821", "\u5929\u6d25", "25000C230806"], "start": ["YKP"], "stop": ["TJP"]}}
{"id": 5684, "trainInfo": ["C3001", "\u4e0a\u6d77\u5357", "\u91d1\u5c71\u536b", "55000C300131"], "start": ["SNH"], "stop": null, "error": true}
{"id": 5685, "trainInfo": ["C3002", "\u91d1\u5c71\u536b", "\u4e0a\u6d77\u5357", "55000C300220"], "start": null, "error": true, "stop": ["SNH"]}
{"id": 5686, "trainInfo": ["C3003", "\u4e0a\u6d77\u5357", "\u91d1\u5c71\u536b", "55000C300331"], "start": ["SNH"], "stop": null, "error": true}
{"id": 5687, "trainInfo": ["C3004", "\u91d1\u5c71\u536b", "\u4e0a\u6d77\u5357", "55000C300431"], "start": null, "error": true, "stop": ["SNH"]}
{"id": 5688, "trainInfo": ["C3005", "\u4e0a\u6d77\u5357", "\u91d1\u5c71\u536b", "55000C300512"], "start": ["SNH"], "stop": null, "error": true}
{"id": 5689, "trainInfo": ["C3006", "\u91d1\u5c71\u536b", "\u4e0a\u6d77\u5357", "55000C300602"], "start": null, "error": true, "stop": ["SNH"]}
{"id": 5690, "trainInfo": ["C3007", "\u4e0a\u6d77\u5357", "\u91d1\u5c71\u536b", "55000C300712"], "start": ["SNH"], "stop": null, "error": true}
{"id": 5691, "trainInfo": ["C3008", "\u91d1\u5c71\u536b", "\u4e0a\u6d77\u5357", "55000C300813"], "start": null, "error": true, "stop": ["SNH"]}
{"id": 5692, "trainInfo": ["C3009", "\u4e0a\u6d77\u5357", "\u91d1\u5c71\u536b", "55000C300912"], "start": ["SNH"], "stop": null, "error": true}
{"id": 5693, "trainInfo": ["C3010", "\u91d1\u5c71\u536b", "\u4e0a\u6d77\u5357", "55000C301013"], "start": null, "error": true, "stop": ["SNH"]}
{"id": 5694, "trainInfo": ["C3011", "\u4e0a\u6d77\u5357", "\u91d1\u5c71\u536b", "55000C301113"], "start": ["SNH"], "stop": null, "error": true}
{"id": 5695, "trainInfo": ["C3012", "\u91d1\u5c71\u536b", "\u4e0a\u6d77\u5357", "55000C301202"], "start": null, "error": true, "stop": ["SNH"]}
{"id": 5696, "trainInfo": ["C3013", "\u4e0a\u6d77\u5357", "\u91d1\u5c71\u536b", "55000C301312"], "start": ["SNH"], "stop": null, "error": true}
{"id": 5697, "trainInfo": ["C3014", "\u91d1\u5c71\u536b", "\u4e0a\u6d77\u5357", "55000C301412"], "start": null, "error": true, "stop": ["SNH"]}
{"id": 5698, "trainInfo": ["C3015", "\u4e0a\u6d77\u5357", "\u91d1\u5c71\u536b", "55000C301511"], "start": ["SNH"], "stop": null, "error": true}
{"id": 5699, "trainInfo": ["C3016", "\u91d1\u5c71\u536b", "\u4e0a\u6d77\u5357", "55000C301602"], "start": null, "error": true, "stop": ["SNH"]}
{"id": 5700, "trainInfo": ["C3017", "\u4e0a\u6d77\u5357", "\u91d1\u5c71\u536b", "55000C301712"], "start": ["SNH"], "stop": null, "error": true}
{"id": 5701, "trainInfo": ["C3018", "\u91d1\u5c71\u536b", "\u4e0a\u6d77\u5357", "55000C301812"], "start": null, "error": true, "stop": ["SNH"]}
{"id": 5702, "trainInfo": ["C3021", "\u4e0a\u6d77\u5357", "\u91d1\u5c71\u536b", "55000C302112"], "start": ["SNH"], "stop": null, "error": true}
{"id": 5703, "trainInfo": ["C3022", "\u91d1\u5c71\u536b", "\u4e0a\u6d77\u5357", "55000C302214"], "start": null, "error": true, "stop": ["SNH"]}
{"id": 5704, "trainInfo": ["C3023", "\u4e0a\u6d77\u5357", "\u91d1\u5c71\u536b", "55000C302301"], "start": ["SNH"], "stop": null, "error": true}
{"id": 5705, "trainInfo": ["C3024", "\u91d1\u5c71\u536b", "\u4e0a\u6d77\u5357", "55000C302402"], "start": null, "error": true, "stop": ["SNH"]}
{"id": 5706, "trainInfo": ["C3025", "\u4e0a\u6d77\u5357", "\u91d1\u5c71\u536b", "55000C302501"], "start": ["SNH"], "stop": null, "error": true}
{"id": 5707, "trainInfo": ["C3026", "\u91d1\u5c71\u536b", "\u4e0a\u6d77\u5357", "55000C302602"], "start": null, "error": true, "stop": ["SNH"]}
{"id": 5708, "trainInfo": ["C3027", "\u4e0a\u6d77\u5357", "\u91d1\u5c71\u536b", "55000C302701"], "start": ["SNH"], "stop": null, "error": true}
{"id": 5709, "trainInfo": ["C3028", "\u91d1\u5c71\u536b", "\u4e0a\u6d77\u5357", "55000C302803"], "start": null, "error": true, "stop": ["SNH"]}
{"id": 5710, "trainInfo": ["C3029", "\u4e0a\u6d77\u5357", "\u91d1\u5c71\u536b", "55000C302902"], "start": ["SNH"], "stop": null, "error": true}
{"id": 5711, "trainInfo": ["C3030", "\u91d1\u5c71\u536b", "\u4e0a\u6d77\u5357", "55000C303002"], "start": null, "error": true, "stop": ["SNH"]}
{"id": 5712, "trainInfo": ["C3032", "\u91d1\u5c71\u536b", "\u4e0a\u6d77\u5357", "55000C303212"], "start": null, "error": true, "stop": ["SNH"]}
{"id": 5713, "trainInfo": ["C3033", "\u4e0a\u6d77\u5357", "\u91d1\u5c71\u536b", "55000C303312"], "start": ["SNH"], "stop": null, "error": true}
{"id": 5714, "trainInfo": ["C3034", "\u91d1\u5c71\u536b", "\u4e0a\u6d77\u5357", "55000C303412"], "start": null, "error": true, "stop": ["SNH"]}
{"id": 5715, "trainInfo": ["C3201", "\u4e0a\u6d77\u5357", "\u91d1\u5c71\u536b", "55000C320110"], "start": ["SNH"], "stop": null, "error": true}
{"id": 5716, "trainInfo": ["C3203", "\u4e0a\u6d77\u5357", "\u91d1\u5c71\u536b", "55000C320300"], "start": ["SNH"], "stop": null, "error": true}
{"id": 5717, "trainInfo": ["C3601", "\u4e0a\u6d77\u5357", "\u91d1\u5c71\u536b", "55000C360100"], "start": ["SNH"], "stop": null, "error": true}
{"id": 5718, "trainInfo": ["C3602", "\u91d1\u5c71\u536b", "\u4e0a\u6d77\u5357", "55000C360200"], "start": null, "error": true, "stop": ["SNH"]}
{"id": 5719, "trainInfo": ["C3603", "\u4e0a\u6d77\u5357", "\u91d1\u5c71\u536b", "55000C360302"], "start": ["SNH"], "stop": null, "error": true}
{"id": 5720, "trainInfo": ["C3604", "\u91d1\u5c71\u536b", "\u4e0a\u6d77\u5357", "55000C360402"], "start": null, "error": true, "stop": ["SNH"]}
{"id": 5721, "trainInfo": ["C3605", "\u4e0a\u6d77\u5357", "\u91d1\u5c71\u536b", "55000C360502"], "start": ["SNH"], "stop": null, "error": true}
{"id": 5722, "trainInfo": ["C3606", "\u91d1\u5c71\u536b", "\u4e0a\u6d77\u5357", "55000C360601"], "start": null, "error": true, "stop": ["SNH"]}
{"id": 5723, "trainInfo": ["C3607", "\u4e0a\u6d77\u5357", "\u91d1\u5c71\u536b", "55000C360701"], "start": ["SNH"], "stop": null, "error": true}
{"id": 5724, "trainInfo": ["C3608", "\u91d1\u5c71\u536b", "\u4e0a\u6d77\u5357", "55000C360801"], "start": null, "error": true, "stop": ["SNH"]}
{"id": 5725, "trainInfo": ["C3609", "\u4e0a\u6d77\u5357", "\u91d1\u5c71\u536b", "55000C360901"], "start": ["SNH"], "stop": null, "error": true}
{"id": 5726, "trainInfo": ["C3610", "\u91d1\u5c71\u536b", "\u4e0a\u6d77\u5357", "55000C361002"], "start": null, "error": true, "stop": ["SNH"]}
{"id": 5727, "trainInfo": ["C3611", "\u4e0a\u6d77\u5357", "\u91d1\u5c71\u536b", "55000C361100"], "start": ["SNH"], "stop": null, "error": true}
{"id": 5728, "trainInfo": ["C3612", "\u91d1\u5c71\u536b", "\u4e0a\u6d77\u5357", "55000C361202"], "start": null, "error": true, "stop": ["SNH"]}
{"id": 5729, "trainInfo": ["C3613", "\u4e0a\u6d77\u5357", "\u91d1\u5c71\u536b", "55000C361300"], "start": ["SNH"], "stop": null, "error": true}
{"id": 5730, "trainInfo": ["C3614", "\u91d1\u5c71\u536b", "\u4e0a\u6d77\u5357", "55000C361402"], "start": null, "error": true, "stop": ["SNH"]}
{"id": 5731, "trainInfo": ["C3615", "\u4e0a\u6d77\u5357", "\u91d1\u5c71\u536b", "55000C361501"], "start": ["SNH"], "stop": null, "error": true}
{"id": 5732, "trainInfo": ["C3616", "\u91d1\u5c71\u536b", "\u4e0a\u6d77\u5357", "55000C361602"], "start": null, "error": true, "stop": ["SNH"]}
{"id": 5733, "trainInfo": ["C3617", "\u4e0a\u6d77\u5357", "\u91d1\u5c71\u536b", "55000C361700"], "start": ["SNH"], "stop": null, "error": true}
{"id": 5734, "trainInfo": ["C3618", "\u91d1\u5c71\u536b", "\u4e0a\u6d77\u5357", "55000C361801"], "start": null, "error": true, "stop": ["SNH"]}
{"id": 5735, "trainInfo": ["C3619", "\u4e0a\u6d77\u5357", "\u91d1\u5c71\u536b", "55000C361900"], "start": ["SNH"], "stop": null, "error": true}
{"id": 5736, "trainInfo": ["C3620", "\u91d1\u5c71\u536b", "\u4e0a\u6d77\u5357", "55000C362002"], "start": null, "error": true, "stop": ["SNH"]}
{"id": 5737, "trainInfo": ["C3621", "\u4e0a\u6d77\u5357", "\u91d1\u5c71\u536b", "55000C362101"], "start": ["SNH"], "stop": null, "error": true}
{"id": 5738, "trainInfo": ["C3622", "\u91d1\u5c71\u536b", "\u4e0a\u6d77\u5357", "55000C362201"], "start": null, "error": true, "stop": ["SNH"]}
{"id": 5739, "trainInfo": ["C3623", "\u4e0a\u6d77\u5357", "\u91d1\u5c71\u536b", "55000C362300"], "start": ["SNH"], "stop": null, "error": true}
{"id": 5740, "trainInfo": ["C3624", "\u91d1\u5c71\u536b", "\u4e0a\u6d77\u5357", "55000C362401"], "start": null, "error": true, "stop": ["SNH"]}
{"id": 5741, "trainInfo": ["C3625", "\u4e0a\u6d77\u5357", "\u91d1\u5c71\u536b", "55000C362500"], "start": ["SNH"], "stop": null, "error": true}
{"id": 5742, "trainInfo": ["C3626", "\u91d1\u5c71\u536b", "\u4e0a\u6d77\u5357", "55000C362602"], "start": null, "error": true, "stop": ["SNH"]}
{"id": 5743, "trainInfo": ["C3627", "\u4e0a\u6d77\u5357", "\u91d1\u5c71\u536b", "55000C362700"], "start": ["SNH"], "stop": null, "error": true}
{"id": 5744, "trainInfo": ["C3628", "\u91d1\u5c71\u536b", "\u4e0a\u6d77\u5357", "55000C362801"], "start": null, "error": true, "stop": ["SNH"]}
{"id": 5745, "trainInfo": ["C3629", "\u4e0a\u6d77\u5357", "\u91d1\u5c71\u536b", "55000C362901"], "start": ["SNH"], "stop": null, "error": true}
{"id": 5746, "trainInfo": ["C3630", "\u91d1\u5c71\u536b", "\u4e0a\u6d77\u5357", "55000C363001"], "start": null, "error": true, "stop": ["SNH"]}
{"id": 5747, "trainInfo": ["C3631", "\u4e0a\u6d77\u5357", "\u91d1\u5c71\u536b", "55000C363101"], "start": ["SNH"], "stop": null, "error": true}
{"id": 5748, "trainInfo": ["C3632", "\u91d1\u5c71\u536b", "\u4e0a\u6d77\u5357", "55000C363201"], "start": null, "error": true, "stop": ["SNH"]}
{"id": 5749, "trainInfo": ["C3633", "\u4e0a\u6d77\u5357", "\u91d1\u5c71\u536b", "55000C363301"], "start": ["SNH"], "stop": null, "error": true}
{"id": 5750, "trainInfo": ["C3634", "\u91d1\u5c71\u536b", "\u4e0a\u6d77\u5357", "55000C363401"], "start": null, "error": true, "stop": ["SNH"]}
{"id": 5751, "trainInfo": ["C3635", "\u4e0a\u6d77\u5357", "\u91d1\u5c71\u536b", "55000C363502"], "start": ["SNH"], "stop": null, "error": true}
{"id": 5752, "trainInfo": ["C3636", "\u91d1\u5c71\u536b", "\u4e0a\u6d77\u5357", "55000C363602"], "start": null, "error": true, "stop": ["SNH"]}
{"id": 5753, "trainInfo": ["C3637", "\u4e0a\u6d77\u5357", "\u91d1\u5c71\u536b", "55000C363702"], "start": ["SNH"], "stop": null, "error": true}
{"id": 5754, "trainInfo": ["C3638", "\u91d1\u5c71\u536b", "\u4e0a\u6d77\u5357", "55000C363801"], "start": null, "error": true, "stop": ["SNH"]}
{"id": 5755, "trainInfo": ["C3640", "\u91d1\u5c71\u536b", "\u4e0a\u6d77\u5357", "55000C364031"], "start": null, "error": true, "stop": ["SNH"]}
{"id": 5756, "trainInfo": ["C3642", "\u8f66\u58a9", "\u4e0a\u6d77\u5357", "55000C364240"], "start": null, "error": true, "stop": ["SNH"]}
{"id": 5757, "trainInfo": ["C3644", "\u91d1\u5c71\u536b", "\u4e0a\u6d77\u5357", "55000C364400"], "start": null, "error": true, "stop": ["SNH"]}
{"data": [], "error": {"id": 5938, "trainInfo": ["C6257", "\u6210\u90fd\u4e1c", "\u5ce8\u7709\u5c71", "76000C62570A"], "start": ["ICW"], "stop": ["IXW"]}}
{"data": [], "error": {"id": 6019, "trainInfo": ["C6506", "\u9752\u5c9b", "\u8363\u6210", "49000C650601"], "start": ["QDK"], "stop": ["RCK"]}}
{"data": [], "error": {"id": 6349, "trainInfo": ["C7223", "\u5e7f\u5dde\u5357", "\u65b0\u4f1a", "6c000C722301"], "start": ["IZQ"], "stop": ["EFQ"]}}
{"data": [], "error": {"id": 6462, "trainInfo": ["C7625", "\u5e7f\u5dde\u5357", "\u73e0\u6d77", "6c000C762505"], "start": ["IZQ"], "stop": ["ZHQ"]}}
{"data": [], "error": {"id": 6572, "trainInfo": ["C7813", "\u957f\u6c99", "\u682a\u6d32\u5357", "62000C781300"], "start": ["CSQ"], "stop": ["KVQ"]}}
{"id": 6644, "trainInfo": ["P97", "\u5317\u4eac\u897f", "\u4e5d\u9f99", "2400000P9703"], "start": ["BXP"], "stop": null, "error": true}
{"id": 6645, "trainInfo": ["P100", "\u4e5d\u9f99", "\u4e0a\u6d77", "650000P10010"], "start": null, "error": true, "stop": ["SHH"]}
{"id": 6682, "trainInfo": ["S901", "\u84df\u5dde", "\u5929\u6d25\u5317", "250000S90108"], "start": null, "error": true, "stop": ["TBP"]}
{"id": 6683, "trainInfo": ["S902", "\u5929\u6d25", "\u84df\u5dde", "250000S9020D"], "start": ["TJP"], "stop": null, "error": true}
{"id": 6685, "trainInfo": ["S904", "\u5929\u6d25", "\u84df\u5dde", "250000S9040E"], "start": ["TJP"], "stop": null, "error": true}
{"id": 6686, "trainInfo": ["S905", "\u84df\u5dde", "\u5929\u6d25\u5317", "250000S90501"], "start": null, "error": true, "stop": ["TBP"]}
{"id": 6688, "trainInfo": ["S907", "\u84df\u5dde", "\u5929\u6d25\u5317", "250000S9070R"], "start": null, "error": true, "stop": ["TBP"]}
{"id": 6691, "trainInfo": ["S910", "\u5929\u6d25\u5317", "\u84df\u5dde", "250000S91004"], "start": ["TBP"], "stop": null, "error": true}
{"id": 6692, "trainInfo": ["S911", "\u84df\u5dde", "\u5929\u6d25\u5317", "250000S91104"], "start": null, "error": true, "stop": ["TBP"]}
{"id": 6695, "trainInfo": ["S914", "\u5929\u6d25\u5317", "\u84df\u5dde", "250000S9140H"], "start": ["TBP"], "stop": null, "error": true}
{"id": 6696, "trainInfo": ["S915", "\u84df\u5dde", "\u5929\u6d25", "250000S9150R"], "start": null, "error": true, "stop": ["TJP"]}
{"id": 6697, "trainInfo": ["S916", "\u5929\u6d25\u5317", "\u84df\u5dde", "250000S91603"], "start": ["TBP"], "stop": null, "error": true}
{"id": 6698, "trainInfo": ["S917", "\u84df\u5dde", "\u5929\u6d25", "250000S91704"], "start": null, "error": true, "stop": ["TJP"]}
{"id": 6699, "trainInfo": ["S918", "\u5929\u6d25\u5317", "\u84df\u5dde", "250000S91804"], "start": ["TBP"], "stop": null, "error": true}
{"data": [], "error": {"id": 6744, "trainInfo": ["2095", "\u592a\u539f", "\u897f\u5b89", "270000209502"], "start": ["TYV"], "stop": ["XAY"]}}
{"data": [], "error": {"id": 6747, "trainInfo": ["2124", "\u4e39\u4e1c", "\u9f50\u9f50\u54c8\u5c14", "12000021240Y"], "start": ["DUT"], "stop": ["QHX"]}}
{"data": [], "error": {"id": 6875, "trainInfo": ["4375", "\u957f\u6625", "\u6986\u6811", "110000437506"], "start": ["CCT"], "stop": ["YRT"]}}
{"data": [], "error": {"id": 6955, "trainInfo": ["5512", "\u51ed\u7965", "\u5357\u5b81", "710000551209"], "start": ["PXZ"], "stop": ["NNZ"]}}
{"id": 7065, "trainInfo": ["6361", "\u6c99\u5cad", "\u6c88\u9633", "120000636100"], "start": null, "error": true, "stop": ["SYT"]}
{"id": 7066, "trainInfo": ["6362", "\u6c88\u9633", "\u6c99\u5cad", "12000063620A"], "start": ["SYT"], "stop": null, "error": true}
{"id": 7067, "trainInfo": ["6363", "\u6c99\u5cad", "\u6c88\u9633", "120000636300"], "start": null, "error": true, "stop": ["SYT"]}
{"id": 7068, "trainInfo": ["6364", "\u6c88\u9633", "\u6c99\u5cad", "120000636400"], "start": ["SYT"], "stop": null, "error": true}
{"id": 7116, "trainInfo": ["7271", "\u6885\u6c5f", "\u6000\u5316", "640000727106"], "start": null, "error": true, "stop": ["HHQ"]}
{"id": 7117, "trainInfo": ["7272", "\u6000\u5316", "\u6885\u6c5f", "640000727204"], "start": ["HHQ"], "stop": null, "error": true}
{"id": 7159, "trainInfo": ["7539", "\u7f8a\u6728", "\u5170\u5dde", "850000753901"], "start": null, "error": true, "stop": ["LZJ"]}
{"id": 7160, "trainInfo": ["7540", "\u5170\u5dde", "\u7f8a\u6728", "850000754001"], "start": ["LZJ"], "stop": null, "error": true}
{"id": 7187, "trainInfo": ["8359", "\u5b9d\u9e21", "\u5143\u9f99", "410000835909"], "start": ["BJY"], "stop": null, "error": true}
{"data": [], "error": {"id": 7550, "trainInfo": ["K461", "\u4e0a\u6d77", "\u5e73\u9876\u5c71", "550000K46420"], "start": ["SHH"], "stop": ["PEN"]}}
{"data": [], "error": {"id": 7799, "trainInfo": ["K838", "\u91cd\u5e86\u5317", "\u6df1\u5733\u897f", "770000K83520"], "start": ["CUW"], "stop": ["OSQ"]}}
{"data": [], "error": {"id": 7999, "trainInfo": ["K1102", "\u4e0a\u6d77", "\u5b89\u9633", "55000K110242"], "start": ["SHH"], "stop": ["AYF"]}}
{"data": [], "error": {"id": 8201, "trainInfo": ["K1457", "\u77f3\u5bb6\u5e84", "\u901a\u8fbd", "26000K145602"], "start": ["SJP"], "stop": ["TLD"]}}
{"data": [], "error": {"id": 8326, "trainInfo": ["K2045", "\u6c88\u9633\u5317", "\u897f\u5b89", "12000K204809"], "start": ["SBT"], "stop": ["XAY"]}}
{"data": [], "error": {"id": 8361, "trainInfo": ["K2616", "\u6210\u90fd", "\u5170\u5dde", "76000K261603"], "start": ["CDW"], "stop": ["LZJ"]}}
{"data": [], "error": {"id": 8443, "trainInfo": ["K7073", "\u9e21\u897f", "\u624e\u5170\u5c6f", "03000K70760S"], "start": ["JXB"], "stop": ["ZTX"]}}
{"id": 8721, "trainInfo": ["K7651", "\u5510\u5c71\u5357", "\u53e4\u51b6", "25000K765101"], "start": null, "error": true, "stop": null}
{"id": 8722, "trainInfo": ["K7652", "\u53e4\u51b6", "\u5510\u5c71\u5357", "25000K765201"], "start": null, "error": true, "stop": null}
{"id": 8723, "trainInfo": ["K7653", "\u5510\u5c71\u5357", "\u53e4\u51b6", "25000K765301"], "start": null, "error": true, "stop": null}
{"id": 8724, "trainInfo": ["K7654", "\u53e4\u51b6", "\u5510\u5c71\u5357", "25000K765401"], "start": null, "error": true, "stop": null}
{"id": 8725, "trainInfo": ["K7655", "\u5510\u5c71\u5357", "\u53e4\u51b6", "25000K765501"], "start": null, "error": true, "stop": null}
{"id": 8726, "trainInfo": ["K7656", "\u53e4\u51b6", "\u5510\u5c71\u5357", "25000K765601"], "start": null, "error": true, "stop": null}
{"id": 8727, "trainInfo": ["K7657", "\u5510\u5c71\u5357", "\u53e4\u51b6", "25000K765701"], "start": null, "error": true, "stop": null}
{"id": 8728, "trainInfo": ["K7658", "\u53e4\u51b6", "\u5510\u5c71\u5357", "25000K765801"], "start": null, "error": true, "stop": null}
{"id": 8729, "trainInfo": ["K7659", "\u5510\u5c71\u5357", "\u53e4\u51b6", "25000K765901"], "start": null, "error": true, "stop": null}
{"id": 8730, "trainInfo": ["K7660", "\u53e4\u51b6", "\u5510\u5c71\u5357", "25000K766001"], "start": null, "error": true, "stop": null}
{"id": 8782, "trainInfo": ["K7783", "\u5317\u4eac\u4e1c", "\u84df\u5dde", "24000K77830F"], "start": ["BOP"], "stop": null, "error": true}
{"id": 8783, "trainInfo": ["K7784", "\u84df\u5dde", "\u5317\u4eac\u4e1c", "25000K77840B"], "start": null, "error": true, "stop": ["BOP"]}
{"id": 8784, "trainInfo": ["K7787", "\u5317\u4eac\u4e1c", "\u84df\u5dde", "24000K778703"], "start": ["BOP"], "stop": null, "error": true}
{"id": 8785, "trainInfo": ["K7788", "\u84df\u5dde", "\u5317\u4eac\u4e1c", "25000K778809"], "start": null, "error": true, "stop": ["BOP"]}
{"data": [], "error": {"id": 9063, "trainInfo": ["K9149", "\u4fe1\u5b9c", "\u8302\u540d", "66000K914900"], "start": ["EEQ"], "stop": ["MDQ"]}}
{"data": [], "error": {"id": 9205, "trainInfo": ["K9806", "\u683c\u5c14\u6728", "\u897f\u5b81", "88000K98060B"], "start": ["GRO"], "stop": ["XNO"]}}
{"data": [], "error": {"id": 9246, "trainInfo": ["Z11", "\u5e7f\u5dde\u4e1c", "\u6c88\u9633\u5317", "6500000Z1401"], "start": ["GGQ"], "stop": ["SBT"]}}
{"id": 9333, "trainInfo": ["Z100", "\u4e5d\u9f99", "\u4e0a\u6d77", "650000Z10003"], "start": null, "error": true, "stop": ["SHH"]}
{"data": [], "error": {"id": 9552, "trainInfo": ["Z8318", "\u6606\u660e", "\u66f2\u9756", "80000Z831803"], "start": ["KMM"], "stop": ["QJM"]}}
