{"id": 50313, "stationNo": "02", "station": "\u7f57\u5c71", "arrive": "08:47", "start": "08:49", "stopover": "2"}
{"id": 50314, "stationNo": "03", "station": "\u606f\u53bf", "arrive": "09:14", "start": "09:16", "stopover": "2"}
{"id": 50315, "stationNo": "04", "station": "\u6f62\u5ddd", "arrive": "09:54", "start": "10:09", "stopover": "15"}
{"id": 50316, "stationNo": "05", "station": "\u5546\u57ce", "arrive": "10:47", "start": "10:49", "stopover": "2"}
{"id": 50317, "stationNo": "06", "station": "\u56fa\u59cb", "arrive": "11:11", "start": "11:11", "stopover": 0}
{"id": 5823}
{"id": 57641, "stationNo": "02", "station": "\u6f62\u5ddd", "arrive": "14:46", "start": "14:50", "stopover": "4"}
{"id": 57642, "stationNo": "03", "station": "\u5149\u5c71", "arrive": "15:05", "start": "15:08", "stopover": "3"}
{"id": 57643, "stationNo": "04", "station": "\u65b0\u53bf", "arrive": "15:33", "start": "15:36", "stopover": "3"}
{"id": 57644, "stationNo": "05", "station": "\u9ebb\u57ce", "arrive": "16:18", "start": "16:24", "stopover": "6"}
{"id": 57645, "stationNo": "06", "station": "\u9ec4\u5dde", "arrive": "17:04", "start": "17:07", "stopover": "3"}
{"id": 57646, "stationNo": "07", "station": "\u6d60\u6c34", "arrive": "17:31", "start": "17:34", "stopover": "3"}
{"id": 57647, "stationNo": "08", "station": "\u8572\u6625", "arrive": "17:54", "start": "17:57", "stopover": "3"}
{"id": 57648, "stationNo": "09", "station": "\u6b66\u7a74", "arrive": "18:25", "start": "18:28", "stopover": "3"}
{"id": 57649, "stationNo": "10", "station": "\u4e5d\u6c5f", "arrive": "19:07", "start": "19:40", "stopover": "33"}
{"id": 57650, "stationNo": "11", "station": "\u6e56\u53e3", "arrive": "20:01", "start": "20:05", "stopover": "4"}
{"id": 57651, "stationNo": "12", "station": "\u9131\u9633", "arrive": "20:54", "start": "20:58", "stopover": "4"}
{"id": 57652, "stationNo": "13", "station": "\u666f\u5fb7\u9547\u5317", "arrive": "21:22", "start": "21:26", "stopover": "4"}
{"id": 57653, "stationNo": "14", "station": "\u5a7a\u6e90", "arrive": "22:13", "start": "22:16", "stopover": "3"}
{"id": 57654, "stationNo": "15", "station": "\u8862\u5dde", "arrive": "23:28", "start": "23:38", "stopover": "10"}
{"id": 57655, "stationNo": "16", "station": "\u4e49\u4e4c", "arrive": "01:32", "start": "01:35", "stopover": "3"}
{"id": 57656, "stationNo": "17", "station": "\u8bf8\u66a8", "arrive": "02:01", "start": "02:04", "stopover": "3"}
{"id": 57657, "stationNo": "18", "station": "\u676d\u5dde\u4e1c", "arrive": "03:14", "start": "03:20", "stopover": "6"}
{"id": 57658, "stationNo": "19", "station": "\u6d77\u5b81", "arrive": "03:58", "start": "04:01", "stopover": "3"}
{"id": 57659, "stationNo": "20", "station": "\u5609\u5174", "arrive": "04:19", "start": "04:23", "stopover": "4"}
{"id": 57660, "stationNo": "21", "station": "\u4e0a\u6d77\u5357", "arrive": "05:26", "start": "05:26", "stopover": 0}
{"id": 6189}
{"id": 57661, "stationNo": "02", "station": "\u6f62\u5ddd", "arrive": "14:46", "start": "14:50", "stopover": "4"}
{"id": 57662, "stationNo": "03", "station": "\u5149\u5c71", "arrive": "15:05", "start": "15:08", "stopover": "3"}
{"id": 57663, "stationNo": "04", "station": "\u65b0\u53bf", "arrive": "15:33", "start": "15:36", "stopover": "3"}
{"id": 57664, "stationNo": "05", "station": "\u9ebb\u57ce", "arrive": "16:18", "start": "16:24", "stopover": "6"}
{"id": 57665, "stationNo": "06", "station": "\u9ec4\u5dde", "arrive": "17:04", "start": "17:07", "stopover": "3"}
{"id": 57666, "stationNo": "07", "station": "\u6d60\u6c34", "arrive": "17:31", "start": "17:34", "stopover": "3"}
{"id": 57667, "stationNo": "08", "station": "\u8572\u6625", "arrive": "17:54", "start": "17:57", "stopover": "3"}
{"id": 57668, "stationNo": "09", "station": "\u6b66\u7a74", "arrive": "18:25", "start": "18:28", "stopover": "3"}
{"id": 57669, "stationNo": "10", "station": "\u4e5d\u6c5f", "arrive": "19:07", "start": "19:40", "stopover": "33"}
{"id": 57670, "stationNo": "11", "station": "\u6e56\u53e3", "arrive": "20:01", "start": "20:05", "stopover": "4"}
{"id": 57671, "stationNo": "12", "station": "\u9131\u9633", "arrive": "20:54", "start": "20:58", "stopover": "4"}
{"id": 57672, "stationNo": "13", "station": "\u666f\u5fb7\u9547\u5317", "arrive": "21:22", "start": "21:26", "stopover": "4"}
{"id": 57673, "stationNo": "14", "station": "\u5a7a\u6e90", "arrive": "22:13", "start": "22:16", "stopover": "3"}
{"id": 57674, "stationNo": "15", "station": "\u8862\u5dde", "arrive": "23:28", "start": "23:38", "stopover": "10"}
{"id": 57675, "stationNo": "16", "station": "\u4e49\u4e4c", "arrive": "01:32", "start": "01:35", "stopover": "3"}
{"id": 57676, "stationNo": "17", "station": "\u8bf8\u66a8", "arrive": "02:01", "start": "02:04", "stopover": "3"}
{"id": 57677, "stationNo": "18", "station": "\u676d\u5dde\u4e1c", "arrive": "03:14", "start": "03:20", "stopover": "6"}
{"id": 57678, "stationNo": "19", "station": "\u6d77\u5b81", "arrive": "03:58", "start": "04:01", "stopover": "3"}
{"id": 57679, "stationNo": "20", "station": "\u5609\u5174", "arrive": "04:19", "start": "04:23", "stopover": "4"}
{"id": 57680, "stationNo": "21", "station": "\u4e0a\u6d77\u5357", "arrive": "05:26", "start": "05:26", "stopover": 0}
{"id": 6190}
{"id": 58230, "stationNo": "02", "station": "\u7f57\u5c71", "arrive": "19:38", "start": "20:01", "stopover": "23"}
{"id": 58231, "stationNo": "03", "station": "\u606f\u53bf", "arrive": "20:22", "start": "20:26", "stopover": "4"}
{"id": 58232, "stationNo": "04", "station": "\u6f62\u5ddd", "arrive": "20:55", "start": "21:04", "stopover": "9"}
{"id": 58233, "stationNo": "05", "station": "\u5149\u5c71", "arrive": "21:19", "start": "21:22", "stopover": "3"}
{"id": 58234, "stationNo": "06", "station": "\u65b0\u53bf", "arrive": "21:48", "start": "21:51", "stopover": "3"}
{"id": 58235, "stationNo": "07", "station": "\u9ebb\u57ce", "arrive": "22:32", "start": "22:39", "stopover": "7"}
{"id": 58236, "stationNo": "08", "station": "\u9ec4\u5dde", "arrive": "23:19", "start": "23:22", "stopover": "3"}
{"id": 58237, "stationNo": "09", "station": "\u6d60\u6c34", "arrive": "23:46", "start": "23:49", "stopover": "3"}
{"id": 58238, "stationNo": "10", "station": "\u6b66\u7a74", "arrive": "00:34", "start": "00:44", "stopover": "10"}
{"id": 58239, "stationNo": "11", "station": "\u8d63\u5dde", "arrive": "07:39", "start": "07:43", "stopover": "4"}
{"id": 58240, "stationNo": "12", "station": "\u9f99\u5357", "arrive": "09:13", "start": "09:17", "stopover": "4"}
{"id": 58241, "stationNo": "13", "station": "\u5b9a\u5357", "arrive": "09:46", "start": "09:50", "stopover": "4"}
{"id": 58242, "stationNo": "14", "station": "\u9f99\u5ddd", "arrive": "11:05", "start": "11:08", "stopover": "3"}
{"id": 58243, "stationNo": "15", "station": "\u6cb3\u6e90", "arrive": "12:06", "start": "12:09", "stopover": "3"}
{"id": 58244, "stationNo": "16", "station": "\u60e0\u5dde", "arrive": "13:03", "start": "13:06", "stopover": "3"}
{"id": 58245, "stationNo": "17", "station": "\u4e1c\u839e\u4e1c", "arrive": "13:51", "start": "14:03", "stopover": "12"}
{"id": 58246, "stationNo": "18", "station": "\u6df1\u5733\u4e1c", "arrive": "15:28", "start": "15:28", "stopover": 0}
{"id": 6222}
{"id": 58247, "stationNo": "02", "station": "\u7f57\u5c71", "arrive": "19:38", "start": "20:01", "stopover": "23"}
{"id": 58248, "stationNo": "03", "station": "\u606f\u53bf", "arrive": "20:22", "start": "20:26", "stopover": "4"}
{"id": 58249, "stationNo": "04", "station": "\u6f62\u5ddd", "arrive": "20:55", "start": "21:04", "stopover": "9"}
{"id": 58250, "stationNo": "05", "station": "\u5149\u5c71", "arrive": "21:19", "start": "21:22", "stopover": "3"}
{"id": 58251, "stationNo": "06", "station": "\u65b0\u53bf", "arrive": "21:48", "start": "21:51", "stopover": "3"}
{"id": 58252, "stationNo": "07", "station": "\u9ebb\u57ce", "arrive": "22:32", "start": "22:39", "stopover": "7"}
{"id": 58253, "stationNo": "08", "station": "\u9ec4\u5dde", "arrive": "23:19", "start": "23:22", "stopover": "3"}
{"id": 58254, "stationNo": "09", "station": "\u6d60\u6c34", "arrive": "23:46", "start": "23:49", "stopover": "3"}
{"id": 58255, "stationNo": "10", "station": "\u6b66\u7a74", "arrive": "00:34", "start": "00:44", "stopover": "10"}
{"id": 58256, "stationNo": "11", "station": "\u8d63\u5dde", "arrive": "07:39", "start": "07:43", "stopover": "4"}
{"id": 58257, "stationNo": "12", "station": "\u9f99\u5357", "arrive": "09:13", "start": "09:17", "stopover": "4"}
{"id": 58258, "stationNo": "13", "station": "\u5b9a\u5357", "arrive": "09:46", "start": "09:50", "stopover": "4"}
{"id": 58259, "stationNo": "14", "station": "\u9f99\u5ddd", "arrive": "11:05", "start": "11:08", "stopover": "3"}
{"id": 58260, "stationNo": "15", "station": "\u6cb3\u6e90", "arrive": "12:06", "start": "12:09", "stopover": "3"}
{"id": 58261, "stationNo": "16", "station": "\u60e0\u5dde", "arrive": "13:03", "start": "13:06", "stopover": "3"}
{"id": 58262, "stationNo": "17", "station": "\u4e1c\u839e\u4e1c", "arrive": "13:51", "start": "14:03", "stopover": "12"}
{"id": 58263, "stationNo": "18", "station": "\u6df1\u5733\u4e1c", "arrive": "15:28", "start": "15:28", "stopover": 0}
{"id": 6223}
